{
  "project_info": {
    "project_number": "314934711701",
    "project_id": "my-notes-5cb55",
    "storage_bucket": "my-notes-5cb55.appspot.com"
  },
  "client": [
    {
      "client_info": {
        "mobilesdk_app_id": "1:314934711701:android:049b1784f3f64653f2929c",
        "android_client_info": {
          "package_name": "com.example.mynotes"
        }
      },
      "oauth_client": [],
      "api_key": [
        {
          "current_key": "AIzaSyAt_KOAFsVBVyGx_GMqOWCyATYAQUKJLpQ"
        }
      ],
      "services": {
        "appinvite_service": {
          "other_platform_oauth_client": []
        }
      }
    }
  ],
  "configuration_version": "1"
}